124150002,54,22,66957,8.9,4.5
103020407,19,23,71125,14,4.1
126514368,6,0,60502,2.3,4.2
128000000,53,9,77264,15.3,4.8
181519176,30,15,52094,8.5,4.6
119350303,185,70,65901,15.5,4.8
123460302,454,200,93618,15.4,4.9
125230001,21,13,59857,12.1,4.6
126510015,30,13,56330,8.9,4.4
108110307,7,13,58177,15.1,3.5
126510020,418,66,49016,7.4,4.7
101260303,192,68,59285,15.3,4.4
127040503,68,31,62160,16.5,4.4
103000000,503,90,65461,12.9,4.6
103020603,65,31,72570,17.5,4.6
106160303,52,15,65254,17.5,4.5
121390302,1021,337,71456,13.4,4.5
126512990,28,10,51442,6.7,4.4
108070502,450,168,59684,14.2,4.6
127040703,142,53,64918,16.3,4.5
113380303,87,38,63637,14.9,4.7
114060503,80,25,59436,12,4.6
104510394,48,9,57842,9,4.5
128030603,78,30,68654,15.6,4.4
108000000,147,16,58230,13.7,4.7
128030852,332,103,75577,16.4,4.5
121395927,27,12,44984,10.4,4.1
121399898,30,5,45554,4,4.1
117080503,111,57,76167,15.6,4.6
109530304,17,7,57942,15.5,4.4
101630504,42,15,61387,13.6,4.2
124150003,121,21,58287,10.6,4.5
124150503,278,80,76836,15.2,4.6
103020753,107,37,74596,12.9,4.7
117000000,99,18,72555,13.6,4.6
127046517,35,6,48584,9.3,4.6
110141003,117,38,54106,14,4.4
103021102,211,84,74223,14.5,4.6
120480803,176,69,76005,15.3,4.7
118400001,34,8,53146,9.9,4.5
127041203,105,46,68177,15.6,4.7
127041307,11,14,71524,14.6,3.8
127000000,52,10,73391,14.1,4.6
108051003,91,45,65712,17.8,4.5
108051307,4,7,64794,15.5,4.2
107650603,116,49,77746,13.8,4.7
110141103,175,73,60391,12.7,4.6
108071003,67,33,60955,17,4.5
126510010,46,30,60196,8.4,4.5
122091002,362,117,89038,14.3,4.9
116191004,61,17,56872,12.4,4.5
101630903,74,23,57698,14.5,4.4
114060557,30,42,69885,13.1,3.8
114000000,175,26,71055,13.7,4.8
108561003,48,22,55611,17.4,4.5
112011103,115,47,64924,15.5,4.7
116191103,179,58,68253,16.4,4.5
103021252,241,125,81199,17.6,4.6
120481107,16,26,73225,11.9,3.8
120481002,808,285,71952,14.8,4.8
101631003,73,29,65743,18.4,4.3
127041503,108,45,61598,15,4.5
115210503,182,58,65580,14.4,4.5
127041603,113,58,69972,13.7,4.6
108110603,46,12,49720,13.2,4.5
128321103,105,42,71931,15.4,4.4
116191203,105,43,58135,11.3,4.5
129540803,157,67,61289,15.6,4.7
119581003,70,19,60481,14,4.4
114060753,409,131,79624,14.5,4.9
185515523,38,41,61755,7.4,4.5
109420803,147,58,60465,13.1,4.7
114060853,97,38,75779,15,4.8
103021453,72,29,74793,16.1,4.8
122091303,67,25,93530,16,4.9
122091352,347,129,90553,15.6,4.8
106330703,55,37,63075,17.5,4.6
106330803,100,33,57846,15.8,4.6
101260803,91,35,63547,15.5,4.5
122000000,407,42,82915,10,4.8
122093460,16,2,56731,10.7,4.4
122091457,60,71,90984,15.8,4.4
101631203,77,32,59505,15.8,4.6
107650703,108,41,72916,15.7,4.8
104101252,383,122,67221,13.4,4.5
104101307,12,16,61724,14.9,3.9
119354207,14,19,58424,10.2,3.8
101631503,50,25,61375,16.6,4.6
108111203,80,39,57211,15.5,4.4
109122703,33,16,62311,17.2,4.4
115211003,89,27,69354,14.8,4.7
101631703,277,89,65760,15.4,4.6
117081003,52,25,69247,14.9,4.6
115000000,267,27,68349,14.8,4.9
115227010,14,4,61147,10.1,4.7
121131507,16,22,61012,15.5,4.3
121000000,273,63,65187,12.1,4.6
119351303,98,27,61285,14.2,4.6
120483007,16,20,70268,15.8,4
115211103,295,100,63493,14.8,4.6
103021603,89,35,71446,13.7,4.5
101301303,65,22,54347,11.1,4.3
121391303,74,41,85047,18.1,4.7
122092002,330,115,99150,17.3,4.9
122090001,11,8,53046,9.3,4.5
122092102,1018,359,88840,15.8,4.9
108111303,107,37,53531,12.4,4.5
116191503,103,47,66528,16.2,4.4
115221402,712,243,67043,13,4.7
111291304,68,19,66190,15.1,4.7
101301403,98,37,65830,17,4.4
110000000,68,11,69292,13.5,4.6
123460957,13,15,98640,15.3,4.4
108070001,8,1,44143,12.2,4.6
110141607,6,14,59947,9.9,3.3
116000000,116,13,69275,16.1,4.8
127042003,129,39,70447,13.7,4.5
107651207,15,28,63656,13.1,3.9
112671303,328,122,71984,10,4.5
110143060,7,4,62293,15.7,4.3
112281302,506,157,65995,11.4,4.5
101631803,96,29,62454,15.7,4.6
126513190,14,22,63051,7.4,4.5
103021752,188,78,87479,16.9,4.7
101631903,64,27,61301,15,4.5
123461302,304,130,95376,14.8,4.9
125236827,37,8,58943,9.6,4.7
124152880,8,0,57654,9.5,4.4
125232950,245,55,51006,8,4.4
124000000,419,72,81055,13,4.8
124151607,47,49,81500,12,4.2
125231232,190,55,72139,11.5,4.7
108051503,88,31,55482,17,4.4
125231303,213,88,72729,14.2,4.6
126513160,53,7,62590,16.4,4.8
121394017,29,1,50175,9.3,4.3
102020001,38,21,60517,8.7,4.8
103021903,61,18,66019,14.6,4.6
106161203,47,22,64876,14.7,4.6
106161357,4,10,58824,10.3,3.3
106161703,61,23,56018,14.3,4.6
108071504,44,24,56890,15.1,4.5
110171003,132,67,59147,14.9,4.5
110171607,6,15,54375,8,3.5
124151902,353,138,69971,15.7,4.8
113361303,177,73,75088,17.6,4.7
124153320,250,59,58850,8.6,4.6
120000000,350,69,65823,11.2,4.7
123461602,320,121,97345,15.3,4.9
113361503,80,35,58886,12.3,4.6
116191757,27,28,57459,12.3,4.1
104431304,31,18,65567,15.4,4.8
115220002,340,107,56944,7.5,4.6
126512840,68,26,70615,11.4,4.8
108561803,68,17,56237,13.3,4.6
108111403,57,15,44376,13.3,4.3
113361703,247,91,71677,16.5,4.7
112011603,201,73,79178,15.3,4.7
105201033,108,57,64689,17.3,4.6
101266007,9,18,64727,13.4,3.9
101261302,239,80,69520,15.8,4.4
114061103,171,64,68753,15.3,4.7
103022103,43,23,67767,12.7,4.5
113381303,247,110,75600,15.3,4.9
105251453,132,52,59760,13,4.6
109531304,41,24,57600,14.6,4.4
122092353,619,221,105137,17.2,4.9
106611303,76,31,64111,15.5,4.6
105201352,213,83,63031,15.3,4.7
105201407,6,19,63194,12.6,3.7
118401403,134,44,75954,14.8,4.9
112673300,4,5,53438,16.8,4.2
115211657,15,27,63926,10.9,3.9
115211603,503,175,63326,13.5,4.4
110171803,60,33,61228,16.5,4.6
118401603,143,39,62162,16.2,4.8
112671603,321,138,84701,16,4.5
114061503,196,57,74827,14.9,4.7
116471803,159,55,65248,13.9,4.7
116471111,5,7,60812,13.6,4.3
115221607,65,46,65981,15.2,4.3
126516724,28,5,56515,4.2,4.4
103022253,108,41,78343,17.7,4.5
125000000,217,29,75238,14.6,4.9
125232407,27,21,77732,12.7,4.2
120522003,278,119,73496,15.7,4.8
107651603,117,42,67090,16.1,4.6
115221753,223,83,69370,15.1,4.7
126510011,32,5,54135,3.9,4.1
113362203,160,64,71867,15.5,4.6
112671803,200,70,73970,13.4,4.4
124152003,791,259,74617,11.4,4.8
107653040,23,7,46347,14.6,4.4
106172003,210,89,59151,16.2,4.5
119352203,92,23,59899,14.2,4.6
103022503,40,4,70015,12.1,4.6
103022803,90,38,71046,18.2,4.4
117412003,84,38,70524,17.2,4.7
121392303,444,145,80448,15.5,4.9
115212503,164,55,60385,14,4.5
120452003,420,172,71570,16.2,4.5
123463507,14,10,91148,10.4,4.3
113362303,198,70,69115,13.2,4.6
113382303,130,62,71249,15.7,4.7
177518712,11,11,55036,8.9,4.7
107652207,6,17,61761,11.1,3.9
112672203,123,65,75322,16.9,4.5
120483302,472,162,80178,16.4,4.9
120486892,38,4,42762,8.1,4.3
103023153,141,53,71966,14.9,4.7
113362403,215,88,74057,16.4,4.8
119582503,72,28,70418,18.9,4.8
104372003,95,49,62157,13.7,4.3
199025446,51,17,62954,9.5,4.3
113362603,219,97,71461,15.6,4.7
105252602,634,238,60669,14.4,4.6
105252807,15,19,64754,13.8,3.8
105257512,33,5,35029,2.8,4.5
126513440,88,33,56016,7.5,4.5
126511563,19,11,54905,6.1,4.6
126513100,41,10,57786,9.1,4.5
108053003,68,26,61166,16.5,4.5
120450003,8,7,49898,13,4.3
121398065,84,51,53093,7.3,4.2
114062003,243,89,74136,13.5,4.8
112013054,62,28,62636,15.1,4.6
105253303,91,40,64061,12.9,4.6
112282004,33,12,59317,17.2,4.5
104432503,45,23,69061,15.6,4.6
101262507,12,14,55404,11.8,3.8
119350001,14,2,37986,8.9,4.4
108112003,54,19,54010,15.2,4.4
100510000,106,34,56947,7.9,4.6
114062503,164,50,74781,16.9,4.9
126510021,39,4,58758,10.8,4.7
103023807,17,18,55781,13.1,4
111292304,33,8,51114,12,4.5
106272003,36,14,67217,15.4,4.6
119583003,57,18,65395,13.4,4.6
108112203,90,55,61352,16.2,4.6
101632403,66,21,62275,16.3,4.4
105253553,138,48,65293,14.4,4.7
103023912,275,122,95300,18.8,4.8
106612203,122,36,62677,16.8,4.5
112282307,13,22,71702,11.3,3.8
107652603,196,75,80361,11.7,4.7
126513450,52,29,64527,11,4.6
147513703,50,14,54198,8,4.5
101262903,59,28,66521,15,4.6
126518547,32,11,66830,3.4,4
127042853,81,35,65699,17.1,4.6
128033053,96,52,70432,15.4,4.6
126513270,53,38,55357,6.6,4.5
111292507,3,5,54355,14.1,3.1
109532804,26,13,63150,18.2,4.5
125234103,317,113,82947,16.4,4.9
103024102,185,99,88740,17.2,4.9
105253903,119,61,66445,15,4.7
112013753,174,77,71531,16.6,4.7
197010542,13,1,46154,7.4,4.4
129544907,17,10,43543,8.4,4.2
105254053,98,40,67419,16.3,4.7
110173003,54,22,50137,13.9,4.5
126513380,36,8,57450,6.2,4.4
126518004,31,7,53279,4.6,4.3
114063003,238,83,72198,16.4,4.8
124153503,252,101,92013,16.8,4.9
108070607,18,21,57034,14.3,3.7
108112607,7,10,56440,11.6,3.6
108112502,148,75,67251,15.2,4.4
107653102,201,76,69729,16,4.6
118402603,106,38,67447,13.4,4.9
126510005,30,6,53771,8.6,4.7
112283003,140,61,73965,13.6,4.7
101302607,6,11,52293,10.9,4.1
107653203,157,55,71285,15.3,4.8
104432803,69,35,65784,14.5,4.7
115503004,53,22,60955,17.9,4.6
104432903,129,79,67304,13.8,4.6
108057079,15,4,35778,6.4,4.3
115222504,80,20,60214,15.9,4.8
114063503,133,50,73885,15.9,4.7
103024603,154,68,82629,16,4.7
118403003,105,37,69364,14.6,4.7
112672803,109,40,75390,17,4.7
126512850,22,2,55475,4.8,4.3
105254353,115,55,62688,15.8,4.4
110173504,22,12,53185,15.7,4.2
115222752,413,160,60449,10.3,4.4
123463603,310,109,85132,15.6,4.8
125234502,371,107,85190,11.5,4.9
118403207,8,15,61813,14.7,3.7
118403302,614,182,64828,15.3,4.7
113363103,397,163,78254,15,4.8
107653802,306,114,80587,16,4.7
104433303,102,39,75746,17.9,4.6
103024753,141,65,71820,16,4.5
102023217,6,6,51834,9.7,4.8
108073503,214,69,59207,16.6,4.5
128323303,45,24,74978,16.4,4.7
127044103,135,48,73714,15.9,4.6
119355028,22,8,43523,9.7,4.3
111312503,128,46,51935,13,4.4
111312607,2,11,49248,8,3.1
114060392,21,12,51840,7.4,4.3
126512980,18,19,64887,11,4.7
126513510,46,13,54000,9.1,4.5
126512039,29,5,52938,6.4,4.6
128323703,160,69,85996,16.2,4.9
128324207,6,12,70773,15.3,3.6
115220001,12,1,50926,10.8,4.3
121395526,22,20,47483,3,4.1
126513070,18,3,59186,8,4.5
124152637,8,63,55776,10.9,4.7
125235103,223,90,77725,13.6,4.7
101000000,253,51,63469,12,4.8
105256553,77,24,60583,14.1,4.5
104433604,33,17,55916,12.7,4.5
107654103,64,24,59749,15,4.5
106333407,26,18,56595,13.5,4
101303503,52,18,60801,13.9,4.5
123463803,53,18,92445,17.7,4.9
117414003,127,51,74310,15.2,4.6
121135003,106,58,69041,16,4.8
133513315,57,31,55652,8.6,4.5
109243503,36,20,59219,15.5,4.4
111343603,158,69,58062,16.3,4.6
111312804,53,19,53368,14.1,4.6
126514864,27,13,63275,5.1,4.3
126514059,12,3,68339,5.7,4.5
126510013,53,14,63978,5.1,4.4
126515492,18,7,64014,5,4.3
172510793,18,10,62070,6.5,4.6
109422303,62,35,60739,17.3,4.5
104103603,85,37,66412,17,4.4
124154003,257,81,73903,15.9,4.8
106166503,58,28,62996,15.8,4.6
182514568,40,6,56811,9.3,4.6
110183707,3,7,73984,14,4
110183602,244,75,75689,15.8,4.8
104432830,14,16,45350,13.5,4.1
103025002,125,48,72290,13.4,4.5
126510017,15,8,44022,10.1,4.3
107654403,184,73,76721,16.6,4.7
114064003,99,38,83448,17.6,4.8
113362940,15,6,52808,7.2,4.6
126513110,24,12,54985,8.1,4.3
119665003,62,30,75966,15.9,4.8
118403903,121,32,72168,15.5,5
119354603,87,33,62382,13.7,4.8
104433903,72,31,63210,14.3,4.6
113363603,155,70,75491,18,4.7
113363807,29,38,75691,15.6,3.9
113364002,752,255,69288,11.9,4.6
113000000,498,75,73272,13.9,4.6
101264003,152,72,68535,15.3,4.5
104374003,62,21,74550,18.9,4.6
104374207,20,16,62445,12.3,4
113384307,14,21,70210,13.8,3.5
113384603,245,110,63905,12.5,4.6
128034503,46,21,69345,13.3,4.5
121393007,49,70,76791,12.5,4.2
120480002,135,32,51171,8.3,4.4
120483170,41,27,51145,8,4.5
139481451,27,4,57218,7.6,4.3
121135503,141,55,63454,16.5,4.7
128034607,18,25,65824,10.9,4.2
116604003,116,49,68737,14.5,4.6
107654903,96,40,68856,18.3,4.6
112673500,47,8,49839,9.3,4.1
112000000,478,62,63784,14.5,4.8
175390169,48,18,51983,6.8,4.5
127040002,28,16,56798,10.8,4.6
126519476,34,14,57691,5.6,4.3
116493503,74,26,57644,14.8,4.4
112015203,108,47,70038,12.8,4.8
115224003,244,85,64397,14.5,4.7
123464502,590,232,102474,17.5,5
123464603,143,57,95148,14.6,5
117414203,81,34,64980,14.1,4.6
115509998,7,14,62056,16.1,4.4
118000000,125,42,68095,14.1,4.4
117414807,4,7,45155,7.6,3.5
126513150,82,23,55273,9.6,4.6
126513117,45,3,46101,5.4,4.5
129544503,80,27,53613,14,4.5
102023030,22,12,58293,13.2,4.5
113364403,171,68,67675,14.8,4.5
113364503,350,124,68956,13.5,4.7
126513480,73,17,65921,8.5,4.5
128325203,84,31,68382,16.3,4.6
126510014,33,25,55995,7.5,4.4
125235502,240,81,74620,14.8,4.8
104105003,165,70,68862,13.9,4.6
126510002,29,14,72849,7.4,4.2
126519644,36,14,69016,4.8,4.1
126518795,35,7,66765,4.7,4.1
126513290,68,18,68894,5.2,4.1
126518118,25,6,66915,4.9,4.1
126511748,32,5,66576,6.1,4.1
126513734,62,38,71752,5.1,4.2
126516457,51,12,71687,7.1,4.2
126519433,31,10,70648,6,4.1
151514721,47,20,71704,6.9,4.2
126510022,40,19,71767,6.5,4.2
126517286,52,8,76025,6.8,4.2
126510023,66,27,69990,5.7,4.1
126517643,8,3,74591,1.6,4
126513230,40,24,53145,9.3,4.4
101633903,113,34,60789,13.9,4.6
103026002,193,78,66341,16.2,4.4
103026037,6,4,53386,12.6,4.1
115216503,257,103,65185,14.9,4.7
126519392,55,22,58434,7.7,4.6
104435003,61,25,65115,15.7,4.7
104435107,8,15,66903,14.7,4
123465303,313,106,84140,15.8,4.8
108565203,52,23,61729,15.3,4.6
119355503,102,34,60875,14.9,4.4
116555003,131,45,61999,14.4,4.7
122097007,16,22,101348,14.7,4.2
115226003,155,65,61791,14.8,4.7
127045303,18,3,62125,14.6,4.3
104000000,124,21,68470,13.2,4.8
111444307,7,9,56588,11.6,3.4
111444602,305,112,54835,13.6,4.5
116605003,111,53,58655,15.5,4.6
105257602,374,139,63801,15.5,4.7
115226103,52,24,64304,17.8,4.7
116195004,59,17,59073,12.8,4.5
116495003,141,50,63185,13.9,4.5
129544703,79,22,52723,13.7,4.5
104375003,78,36,70092,14.9,4.6
101634207,6,10,62331,12.7,3.8
107655803,57,17,59190,13.1,4.5
104105353,74,29,63739,14.5,4.7
120454507,14,28,72529,12.9,4
105250004,32,4,45691,11.5,4.5
117415004,63,20,64930,16.3,4.7
123000000,287,38,86520,11.9,4.9
103026303,155,61,94854,16.1,4.6
117415103,98,40,69454,17.8,4.7
119584503,94,39,70040,16.2,4.8
103026343,248,86,75053,14.3,4.6
122097203,56,20,79907,13.9,4.8
110175003,57,20,52011,11.9,4.4
116495103,98,26,51241,12.3,4.3
107655903,122,32,66034,12,4.5
111316003,102,33,50247,13.4,4.2
119584603,72,23,71780,14.7,4.7
103026402,300,137,82209,16.4,4.7
114065503,200,92,70028,13.6,4.6
126513000,10,11,59644,8,4.8
117415303,51,36,67442,17.3,4.7
120484803,254,97,77410,15.4,4.7
122097502,453,177,95385,16.8,4.7
104375203,69,21,73701,17.5,4.5
127045653,85,35,67725,18.2,4.5
104375302,159,81,77338,17.6,4.3
111440001,10,7,46564,10.2,4.5
126513420,54,44,54282,9.8,4.6
122097604,89,47,99598,16.9,5
107656303,113,41,65047,15.9,4.6
115504003,77,17,64589,17,4.5
110143120,4,2,48890,14,4
123465602,442,125,88869,14.7,4.8
103026852,469,208,82863,15.6,4.7
116479998,3,8,63397,15.7,4.5
106167504,43,11,58081,13,4.7
105258303,89,46,59647,16.2,4.5
103026902,264,110,74978,15.7,4.6
123465507,23,23,89679,17.2,4
123465702,765,290,89342,15.9,4.7
119356503,188,58,68006,13.3,4.8
129545003,121,42,60546,14.7,4.5
108565503,83,26,47056,11.5,4.4
120484903,313,109,78239,14.2,4.8
117083004,41,19,73074,17.1,4.5
119000000,94,11,67409,13.1,4.5
112674403,219,85,77471,14.7,4.6
108056004,61,27,54751,16.3,4.5
108114503,57,29,63070,16,4.7
113385003,125,57,65464,14.6,4.7
121394503,94,48,74602,18.4,4.6
109535504,46,13,61055,14.9,4.4
117080607,8,8,66133,9.2,3.9
117596003,149,45,60975,16.4,4.4
107656407,5,8,66411,16.8,3.9
115674603,192,70,60400,14,4.6
103026873,72,33,77203,15.3,4.5
116495207,3,7,54156,11.4,3.6
118406003,53,27,66027,14.1,4.7
105000000,141,24,66697,14.4,4.7
105258503,84,41,57837,15.4,4.7
121394603,133,46,72431,16.4,4.8
126510019,38,14,60660,11.3,4.6
107656502,240,100,76495,15.2,4.7
124156503,140,59,75735,15.6,4.8
106616203,113,45,62257,14.7,4.4
119356603,57,20,58210,11.9,4.4
114066503,111,29,80570,16.7,4.8
126513452,101,70,54707,7.5,4.6
109537504,30,13,57314,14.7,4.6
109426003,54,10,58815,13.9,4.7
124156603,338,112,76677,13.3,4.6
124156703,236,65,63097,11.6,4.7
122098003,115,46,83437,15.4,4.8
121136503,99,46,64866,14.5,4.6
113385303,188,84,62798,14.3,4.7
173515368,55,7,61085,6.8,4.5
121136603,93,30,53885,14.6,4.4
121395103,515,196,84362,15.5,4.8
103027307,11,19,71269,14.1,3.7
120485603,107,34,66532,14.1,4.7
108116003,101,40,59006,16.5,4.5
103022481,35,9,51803,8.3,4.5
103027352,172,89,78799,17.9,4.4
113365203,287,115,71112,15,4.6
125236903,207,67,71811,12.8,4.8
107657103,170,85,71961,16.9,4.6
105204703,165,78,66157,17.5,4.7
122098103,391,122,85612,14.8,4.8
128326303,48,26,70989,17.1,4.7
110147003,83,32,64844,15.4,4.4
122098202,719,207,79392,15.6,4.7
127043430,394,137,59077,10.7,4.7
115220003,69,15,51357,7.4,4.6
124150004,146,55,55677,7.9,4.7
123460001,124,27,61255,14.5,4.7
126510004,40,17,57500,5.7,4.2
113365303,100,46,77964,14.9,4.8
123466103,319,132,83503,15.7,4.9
105250001,36,20,48360,8.4,4.6
101636503,216,81,79385,15.6,4.6
126513280,74,24,64417,15.2,4.5
126515001,7454,2486,72947,13.2,4
126510009,22,22,57436,11.1,4.5
126510016,11,3,51811,10.1,4.8
126513400,120,46,55589,9.7,4.7
110177003,114,51,60808,14.9,4.4
124157203,251,94,77386,14.9,4.8
129546003,106,38,54533,14.3,4.6
103021003,234,125,77406,16.5,4.6
102027451,1832,614,82123,13.6,4.6
118406602,151,55,69452,10.9,4.9
120455203,292,104,75846,18.5,4.7
103027503,163,86,86025,16,4.7
120455403,648,212,79783,17.3,4.9
109426303,53,25,61015,16.6,4.5
108116303,52,24,55676,15.7,4.5
123466303,198,75,77160,16.2,4.7
123466403,191,71,64442,14.8,4.6
129546103,148,56,61563,14.2,4.6
115222343,18,2,46597,6.2,4.2
126512960,29,12,60868,10.7,4.6
103024952,25,4,48881,3.1,4.6
160028259,62,21,54298,4.4,4.6
103020005,27,5,57914,7.4,4.5
103020002,44,15,57306,6.4,4.6
103020003,25,7,57429,6.5,4.6
103020004,50,20,57119,5.8,4.4
103028192,23,9,56499,4.6,4.5
103024162,29,4,56337,6.1,4.6
102027560,51,5,43915,4.7,4.4
106338003,127,53,59332,14.5,4.5
128327303,61,22,71068,17.4,4.6
103027753,131,52,86563,15.9,4.9
122098403,258,99,93988,16.8,4.9
125237603,230,100,91940,17.4,4.8
115227871,142,23,48228,8.5,4.5
114067107,23,21,76160,15,3.8
114067002,935,300,62803,12.4,4.5
112675503,301,107,72505,14.9,4.8
106168003,66,20,63984,17.5,4.7
124153350,87,26,54140,10.5,4.4
104435303,69,31,70116,15.9,4.6
126510008,22,8,62888,7.5,4.6
108116503,88,29,61315,15.5,4.7
109246003,53,19,63913,16.4,4.8
125237702,355,113,91220,16.4,4.7
101637002,181,54,54820,12.2,4.4
127045853,71,41,72991,17.9,4.7
119357003,93,39,64773,13.6,4.9
106000000,97,10,69631,12.3,4.6
103028203,68,30,73521,14.4,4.7
105252920,33,5,45410,9.3,4.6
121393330,50,11,51916,6.9,4.5
127046903,55,20,68246,16.5,4.5
108566303,50,13,53235,14.1,4.6
125237903,252,100,89470,16.4,4.9
126510001,37,9,57506,7.8,4.5
116606707,8,19,73302,16.3,3.7
129546803,41,6,51041,13.1,4.4
109248003,117,42,62674,16.1,4.5
121395603,101,40,79167,17.8,4.7
108567004,26,12,46294,15.1,4.5
114514135,29,14,71085,10.3,4.8
120486003,136,54,81100,15.1,4.8
117086003,54,26,75408,17.2,4.7
122093140,105,19,60976,8.1,4.5
129547303,88,27,59061,13.5,4.5
129000000,83,18,60473,15.2,4.5
129546907,16,20,58890,10.2,3.9
114067503,122,47,82488,17,4.8
119357402,586,185,62431,14.6,4.3
116557103,132,58,78891,14.5,4.8
109420107,5,8,59911,10.4,3.9
109000000,63,10,62377,15.7,4.6
104107903,438,152,79812,15,4.8
188392660,33,4,46455,8.4,4.4
108567204,30,14,56131,15.5,4.4
103028302,264,121,75745,16.3,4.6
116496503,131,37,51494,13.3,4.5
108567404,25,15,51977,17.5,4.6
104435603,119,48,66773,16.2,4.5
104435703,55,30,68645,15.7,4.5
129547203,72,21,54564,13.2,4.6
104376203,62,33,73465,14.6,4.7
116496603,152,69,68903,14.7,4.6
115218003,172,66,70816,13.8,4.7
104107503,116,47,67654,14,4.7
109427503,59,19,62013,17.6,4.7
113367003,193,71,62003,13.9,4.4
108567703,142,41,62348,15.8,4.7
108567807,13,12,55225,11.4,3.8
123467103,405,136,81628,15.6,4.8
123463370,23,2,60906,14.9,4.7
103028653,91,37,64914,16.3,4.4
104107803,123,53,57307,16.2,4.6
112676203,184,68,73484,16.8,4.8
103028703,176,60,71323,12,4.7
115218303,131,54,60611,15.4,4.6
112289998,0,10,53839,12.8,4.2
103028753,103,39,71052,15.9,4.6
127047404,64,38,71383,16.4,4.6
112676403,237,91,75085,14.4,4.8
117416103,70,31,67551,16.9,4.8
125238402,259,77,72547,11.7,4.8
101306503,50,16,51566,12.8,4.6
116197503,74,36,64461,17.6,4.7
111297504,48,18,60787,16.6,4.3
111317503,71,26,52553,15.7,4.4
121395703,176,80,78686,13.8,4.8
117597003,107,48,61856,14,4.5
112676503,176,63,79547,14.3,4.7
107657503,103,42,66241,15.6,4.6
108515107,27,12,61221,7,4.6
103023410,7,0,44114,12.3,4.7
108077503,103,32,58870,16.9,4.4
112676703,213,77,79706,15.1,4.9
123467303,511,161,81635,15.7,4.9
125238502,222,89,81101,15.4,4.8
123467203,150,70,84766,13.4,4.9
110148002,477,186,75925,15.8,4.6
103028807,9,15,67325,10.3,3.8
103028833,91,44,80409,16.5,4.5
115228003,76,33,57349,10,4.5
103028853,77,30,58798,14.2,4.5
111315438,10,0,36369,10.4,4.5
120456003,326,89,78488,18.1,4.6
101833400,46,13,44638,7.8,4.1
117576303,48,17,75100,14,4.6
116493130,4,4,50810,7.8,4.1
119586503,53,22,75094,14.7,4.8
119584707,10,13,70959,14.1,4.2
115228303,179,60,62196,11.5,4.5
115506003,120,43,59465,13.8,4.7
115223050,12,6,50630,10.3,4.7
126511530,25,21,53543,5.7,4.4
192518422,58,19,59105,10.6,4.6
129547603,115,37,63100,15.1,4.7
102020003,17,16,35121,4.9,4.2
126515691,61,11,53106,5.6,4.5
105620001,22,11,49363,13.8,4.4
106617203,121,49,62710,15.7,4.6
117086503,79,41,70765,15.3,4.6
124157802,382,142,90387,15.1,4.9
129547803,56,16,60681,16.8,4.6
101638003,190,80,68276,14.6,4.5
117086653,90,29,63967,13.8,4.5
114068003,103,41,72432,14.9,4.6
118667503,163,52,72637,15.6,4.8
108568404,29,10,41359,12.2,4.4
111000000,46,8,61893,15.8,4.7
112286003,129,45,65681,14.5,4.5
108058003,63,24,51088,14.5,4.4
114068103,185,60,74457,15.7,4.8
108078003,114,38,57113,14.4,4.5
104377003,47,20,59316,14,4.5
105259103,65,37,58635,17.9,4.6
106169003,41,20,60544,14.8,4.4
101268003,168,57,66064,15.5,4.4
124158503,252,99,81395,10.8,4.8
128328003,59,27,76682,16.7,4.6
126512674,27,7,65223,11.4,4.5
126519434,33,23,61618,9.7,4.4
168513758,27,9,68356,10.7,4.7
126517442,37,24,67693,9,4.6
103519376,30,9,66734,8.7,4.6
126513210,33,6,64828,8.9,4.6
126513415,20,15,65586,9.3,4.5
112018523,115,29,63202,16.8,4.7
122099007,13,18,93663,19.5,4.1
125239452,709,264,64733,12.2,4.8
115229003,75,30,64863,16.2,4.5
123468303,268,109,97559,15.8,4.9
123468402,285,97,95699,14.5,4.9
123468503,189,60,83992,16.2,4.9
123468603,185,66,83323,12.5,4.8
103029203,217,106,83788,16.6,4.8
103023090,22,4,48599,7.5,4.3
102023080,25,17,49873,10.8,4.5
103028246,30,3,46507,7,4.5
106618603,49,26,61815,15.4,4.6
119358403,157,44,60292,14.4,4.5
106619107,8,13,62184,13.7,3.5
141019741,18,5,53232,7.6,4.4
125233517,23,5,47250,3.2,4.1
119648303,234,87,78892,17.9,4.8
125239603,228,84,86830,17,4.9
105628007,4,11,54436,12.1,3.7
105628302,292,84,59357,15.5,4.6
116498003,91,39,59531,14.2,4.6
113369003,240,87,74393,15.6,4.8
101638803,96,40,56908,14.6,4.6
105259703,87,38,57113,13.8,4.6
119648703,178,69,82019,17.1,4.7
112289003,241,66,64649,14.1,4.7
121139004,44,16,64208,16,4.7
117598503,82,35,66955,15.2,4.8
103029403,193,62,78443,14.6,4.6
110179003,54,34,59299,14.5,4.5
124159002,714,272,76608,13.5,4.7
101308503,45,35,64414,13.3,4.4
103029553,164,75,73492,14.1,4.5
104437503,57,25,62458,15.4,4.5
103029603,141,69,80196,16.2,4.5
126513020,53,7,60308,7.4,4.4
115508003,141,55,60935,13.8,4.5
126510006,32,6,56782,9.2,4.6
115219002,467,160,69373,12.8,4.6
118408707,18,22,65139,15.1,4.3
112678503,185,60,72675,15.8,4.7
101638907,5,14,66243,12.6,3.7
127049303,46,14,63692,15.9,4.4
123469007,15,16,75795,13.3,3.8
119648903,147,42,75209,15.8,4.8
103028425,9,4,54462,10.2,4.7
108118503,74,40,67012,15,4.7
107000000,102,19,61194,13.9,4.6
121397803,220,106,68190,15.4,4.8
125230002,37,6,60382,11,4.7
118408607,18,28,67358,13.9,3.8
118408852,374,155,71756,16.2,4.8
103029803,65,13,69630,16.7,4.4
125239652,295,100,75761,11.9,4.8
129548803,93,16,51350,13.9,4.6
108079004,31,11,52930,12.1,4.4
117417202,298,110,72843,15.9,4.6
104378003,64,33,65914,13.9,4.6
114069103,374,123,70139,13.7,4.7
120488603,131,50,69583,15.4,4.7
108569103,67,28,57797,14.1,4.6
126510007,54,16,60841,8.4,4.6
123469303,293,106,97462,15.9,4.9
103029902,251,110,66771,12.5,4.6
117089003,70,29,74632,15.9,4.5
118409203,125,36,66795,16.8,4.6
118409302,268,105,73297,13.7,4.6
114069353,132,48,69910,14.6,4.7
189670676,44,12,60866,7.3,4.4
112679002,337,102,76765,8.8,4.6
112679107,65,62,60499,13.6,4.4
112679403,188,62,84554,17.9,4.8
107658903,114,50,66797,16.3,4.7
126513250,18,8,63823,7.4,4.2
110140001,33,13,43932,5.6,4.4
103020368,20,6,45477,4.8,4.3
103025206,31,12,48083,5.7,4.3
126512870,10,7,68997,9.8,4.8
118409998,3,4,67267,12.9,4.4
111319998,5,6,61159,18.4,4.5